<dados>
    <atores>
      <ator>
        <id>1</id>
        <nome>Leonardo DiCaprio</nome>
        <data_nascimento>1974-11-11</data_nascimento>
        <filmes>
          <filme>
            <id>101</id>
            <titulo>Inception</titulo>
            <ano>2010</ano>
            <papel>Dom Cobb</papel>
          </filme>
          <filme>
            <id>102</id>
            <titulo>The Revenant</titulo>
            <ano>2015</ano>
            <papel>Hugh Glass</papel>
          </filme>
        </filmes>
      </ator>
      <ator>
        <id>2</id>
        <nome>Angelina Jolie</nome>
        <data_nascimento>1984-11-22</data_nascimento>
        <filmes>
          <filme>
            <id>103</id>
            <titulo>First They Killed My Father</titulo>
            <ano>2017</ano>
            <papel>Diretora</papel>
          </filme>
          <filme>
            <id>104</id>
            <titulo>Africa</titulo>
            <ano>2016</ano>
            <papel>Diretora</papel>
          </filme>
        </filmes>
      </ator>
    </atores>
  </dados>